Step,Role,Where to act,Copy-paste prompt or action,Share checkbox,Expected proof,Presenter line
0,Presenter,Terminal,"Reset with README steps; start API worker and UI",N/A,"All users logs shared ideas and Redis keys start empty.","We start from a clean database. Keep the worker terminal visible because it logs every database decision."
1,Asha,UI,"Set name to Asha. Leave Share OFF. Send: Before a presentation Asha gets overwhelmed by too many notes. A three-point card and five minutes of practice helped her.",OFF,"Worker logs private observation then skipped shared intervention: consent_not_given. behavioral_logs has Asha's observation; global_interventions is empty. Rating buttons stay hidden.","Asha's private history is saved, but not available to anyone else because she did not consent."
2,Ben,UI,"Set name to Ben. Send: Ben gets overwhelmed before a presentation and has too many notes. What could help?",OFF,"No shared idea is displayed and both rating buttons stay hidden.","Even a similar question cannot use Asha's unchecked report."
3,Asha,UI,"Tick Share. Send: Before a presentation Asha gets overwhelmed by too many notes. A three-point card and five minutes of practice helped her.",ON,"Worker logs stored anonymous shared intervention. global_interventions contains one row with upvotes 1. No behavior-tag field exists.","Only an explicit successful report plus checked consent creates an anonymous peer idea."
4,Ben,UI,"Send again: Ben gets overwhelmed before a presentation and has too many notes. What could help?",OFF,"The peer panel shows Asha's idea with a real similarity at or above 70%. Both rating buttons become visible.","The situation is sufficiently similar, so Ben sees the anonymous idea and can rate it."
5,Ben,UI,"Click This peer idea helped.",OFF,"Helpful count becomes 2.","Two net helpful ratings make the idea eligible for the broader 50% similarity rule."
6,Cara,UI,"Set name to Cara. Send wording that your UI reports at least 50% but under 70% similarity to the presentation situation.",OFF,"The peer idea appears with Rule: trusted_50_percent. Rating buttons are visible.","Related-but-not-close situations appear only after two net helpful ratings."
7,Dev,UI,"Set name to Dev. Send: Dev dislikes cold cereal at breakfast. What could help?",OFF,"No peer idea appears; the panel says no idea met the similarity rule and both rating buttons are hidden.","The SQL WHERE clause excludes every score below 50%, before ranking or the UI."
8,Presenter,Terminal,"Run the shared-ideas SELECT from README.",N/A,"Exactly one anonymous shared row exists from Asha's checked report. Ben, Cara, and Dev did not add shared rows.","The database proves consent and feedback are separate: only Asha created the peer idea; Ben only rated it."
